Timestamp,Transcription
資料をお出しして区分
 何か問題があるならはっきり言ってください 自衛隊に空軍は存在しません 空軍って
空で展開する軍隊のことですよね それが何か
 そうなると日本に軍隊が存在することになっちゃいますけど 我々は 選手 防衛 国を守るためだけに存在する
 自衛隊 なんです 呼び方としては 空軍ではなく空自陸上自衛隊は陸自 会場自衛隊は開示となります
 失礼しました 言葉の綾 です 浮気を聞こえましたよ まあ一般の方にはよくある間違いです
 マスコミの方にしては珍しいんですけど では 勉強不足の私に教えていただけますか
 宮司さんはテート evening に一体どのような素材を提供してくださるんでしょうか よくぞ聞いてくださいました 戦闘機
""
 警戒システムの3次元データ まだまだあります これら全てが我が 航空自衛隊の取り扱う商品です 商品 物品だけではありません
 全国の基地や 4万人に及ぶ 隊員に至るまで陽性が適切であれば ご要望のままに 全商品を無償でどどんと ご提供いたします
 商品とおっしゃいました はい 来るか来ますね そんなふざけた言い方していいと思ってるんですか どれもこれも
